<?xml version = '1.0' encoding = 'UTF-8'?>
<Relation class="oracle.dbtools.crest.model.design.logical.Relation" name="Relation_34" directorySegmentName="seg_0" id="0903AC28-ECA9-BA1A-758B-2257A8608546">
<createdBy>camil</createdBy>
<createdTime>2024-09-28 14:09:54 UTC</createdTime>
<ownerDesignName>ModeloBakerFInal</ownerDesignName>
<engineerTo>
<item key="2C063B42-F2DB-1B62-2215-81209826B726" value="true"/>
</engineerTo>
<identifying>false</identifying>
<optionalSource>true</optionalSource>
<optionalTarget>false</optionalTarget>
<sourceCardinality>1</sourceCardinality>
<sourceEntity>6670EC25-4F42-616F-B845-58578CE57415</sourceEntity>
<targetCardinalityString>*</targetCardinalityString>
<targetEntity>91D867F8-9BFE-A83F-0E3F-87A2C8F0F2F6</targetEntity>
<transferable>true</transferable>
<deleteRule>NO ACTION</deleteRule>
</Relation>