<?xml version = '1.0' encoding = 'UTF-8'?>
<Relation class="oracle.dbtools.crest.model.design.logical.Relation" name="Relation_23" directorySegmentName="seg_0" id="0EDB1336-E434-591B-6FCE-074F7E222167">
<createdBy>camil</createdBy>
<createdTime>2024-09-28 13:40:14 UTC</createdTime>
<ownerDesignName>ModeloBakerFInal</ownerDesignName>
<engineerTo>
<item key="2C063B42-F2DB-1B62-2215-81209826B726" value="true"/>
</engineerTo>
<identifying>false</identifying>
<optionalSource>true</optionalSource>
<optionalTarget>false</optionalTarget>
<sourceCardinality>1</sourceCardinality>
<sourceEntity>6670EC25-4F42-616F-B845-58578CE57415</sourceEntity>
<targetCardinalityString>*</targetCardinalityString>
<targetEntity>B8E14E12-403E-2769-7389-C1C5A82DF205</targetEntity>
<transferable>true</transferable>
<deleteRule>NO ACTION</deleteRule>
</Relation>