<?xml version = '1.0' encoding = 'UTF-8'?>
<Relation class="oracle.dbtools.crest.model.design.logical.Relation" name="Relation_24" directorySegmentName="seg_0" id="145FD68C-4F91-B02D-F22B-B88E48D813B8">
<createdBy>camil</createdBy>
<createdTime>2024-09-28 13:40:21 UTC</createdTime>
<ownerDesignName>ModeloBakerFInal</ownerDesignName>
<engineerTo>
<item key="2C063B42-F2DB-1B62-2215-81209826B726" value="true"/>
</engineerTo>
<identifying>false</identifying>
<optionalSource>true</optionalSource>
<optionalTarget>false</optionalTarget>
<sourceCardinality>1</sourceCardinality>
<sourceEntity>A2019125-C633-F611-4355-537B4313805A</sourceEntity>
<targetCardinalityString>*</targetCardinalityString>
<targetEntity>B8E14E12-403E-2769-7389-C1C5A82DF205</targetEntity>
<transferable>true</transferable>
<deleteRule>NO ACTION</deleteRule>
</Relation>