<?xml version = '1.0' encoding = 'UTF-8'?>
<Relation class="oracle.dbtools.crest.model.design.logical.Relation" name="Relation_10" directorySegmentName="seg_0" id="1BAEF55C-9D54-2CDC-EE8D-2A2A6735C282">
<createdBy>camil</createdBy>
<createdTime>2024-08-30 02:54:31 UTC</createdTime>
<ownerDesignName>ModeloBakerFInal</ownerDesignName>
<engineerTo>
<item key="2C063B42-F2DB-1B62-2215-81209826B726" value="true"/>
</engineerTo>
<identifying>false</identifying>
<optionalSource>true</optionalSource>
<optionalTarget>false</optionalTarget>
<sourceCardinality>1</sourceCardinality>
<sourceEntity>0F657776-FAD9-D2D6-C7B5-9B4C5A9A06F3</sourceEntity>
<targetCardinalityString>*</targetCardinalityString>
<targetEntity>A2019125-C633-F611-4355-537B4313805A</targetEntity>
<transferable>true</transferable>
<deleteRule>NO ACTION</deleteRule>
</Relation>