<?xml version = '1.0' encoding = 'UTF-8'?>
<Relation class="oracle.dbtools.crest.model.design.logical.Relation" name="Relation_27" directorySegmentName="seg_0" id="37DE981D-8F6C-4B6A-5340-08E05C8ADE54">
<createdBy>camil</createdBy>
<createdTime>2024-09-28 13:46:45 UTC</createdTime>
<ownerDesignName>ModeloBakerFInal</ownerDesignName>
<engineerTo>
<item key="2C063B42-F2DB-1B62-2215-81209826B726" value="true"/>
</engineerTo>
<identifying>false</identifying>
<optionalSource>true</optionalSource>
<optionalTarget>false</optionalTarget>
<sourceCardinality>1</sourceCardinality>
<sourceEntity>639CF8F7-6E82-7971-29E4-626B8C007F72</sourceEntity>
<targetCardinalityString>*</targetCardinalityString>
<targetEntity>AFE754AB-9A88-B636-DD27-2BDADFAA312E</targetEntity>
<transferable>true</transferable>
<deleteRule>NO ACTION</deleteRule>
</Relation>