<?xml version = '1.0' encoding = 'UTF-8'?>
<Relation class="oracle.dbtools.crest.model.design.logical.Relation" name="Relation_31" directorySegmentName="seg_0" id="402D3B5D-DCFF-B54A-79A1-19B54A976AFF">
<createdBy>camil</createdBy>
<createdTime>2024-09-28 14:07:17 UTC</createdTime>
<ownerDesignName>ModeloBakerFInal</ownerDesignName>
<engineerTo>
<item key="2C063B42-F2DB-1B62-2215-81209826B726" value="true"/>
</engineerTo>
<identifying>false</identifying>
<optionalSource>true</optionalSource>
<optionalTarget>false</optionalTarget>
<sourceCardinality>1</sourceCardinality>
<sourceEntity>54A97324-DF23-AB45-F954-7A43C8FB8A5D</sourceEntity>
<targetCardinalityString>*</targetCardinalityString>
<targetEntity>DEEAEDD3-0970-1AFE-2B59-6238DE6179D2</targetEntity>
<transferable>true</transferable>
<deleteRule>NO ACTION</deleteRule>
</Relation>