<?xml version = '1.0' encoding = 'UTF-8'?>
<Relation class="oracle.dbtools.crest.model.design.logical.Relation" name="Relation_32" directorySegmentName="seg_0" id="48F13B24-E570-FC2E-F6F0-ADE6D56B9BB9">
<createdBy>camil</createdBy>
<createdTime>2024-09-28 14:09:30 UTC</createdTime>
<ownerDesignName>ModeloBakerFInal</ownerDesignName>
<engineerTo>
<item key="2C063B42-F2DB-1B62-2215-81209826B726" value="true"/>
</engineerTo>
<identifying>false</identifying>
<optionalSource>true</optionalSource>
<optionalTarget>false</optionalTarget>
<sourceCardinality>1</sourceCardinality>
<sourceEntity>0F657776-FAD9-D2D6-C7B5-9B4C5A9A06F3</sourceEntity>
<targetCardinalityString>*</targetCardinalityString>
<targetEntity>91D867F8-9BFE-A83F-0E3F-87A2C8F0F2F6</targetEntity>
<transferable>true</transferable>
<deleteRule>NO ACTION</deleteRule>
</Relation>