<?xml version = '1.0' encoding = 'UTF-8'?>
<Relation class="oracle.dbtools.crest.model.design.logical.Relation" name="Relation_30" directorySegmentName="seg_0" id="4B20DA09-1FD2-236C-362D-5FB6A542950D">
<createdBy>camil</createdBy>
<createdTime>2024-09-28 14:06:19 UTC</createdTime>
<ownerDesignName>ModeloBakerFInal</ownerDesignName>
<engineerTo>
<item key="2C063B42-F2DB-1B62-2215-81209826B726" value="true"/>
</engineerTo>
<identifying>false</identifying>
<optionalSource>true</optionalSource>
<optionalTarget>false</optionalTarget>
<sourceCardinality>1</sourceCardinality>
<sourceEntity>6CC4FC28-D8F8-26ED-9E15-608A1674A3A7</sourceEntity>
<targetCardinalityString>*</targetCardinalityString>
<targetEntity>DEEAEDD3-0970-1AFE-2B59-6238DE6179D2</targetEntity>
<transferable>true</transferable>
<deleteRule>NO ACTION</deleteRule>
</Relation>