<?xml version = '1.0' encoding = 'UTF-8'?>
<Relation class="oracle.dbtools.crest.model.design.logical.Relation" name="Relation_25" directorySegmentName="seg_0" id="58199DBF-BF9E-DA83-9387-A63BFDB0769C">
<createdBy>camil</createdBy>
<createdTime>2024-09-28 13:45:41 UTC</createdTime>
<ownerDesignName>ModeloBakerFInal</ownerDesignName>
<engineerTo>
<item key="2C063B42-F2DB-1B62-2215-81209826B726" value="true"/>
</engineerTo>
<identifying>false</identifying>
<optionalSource>true</optionalSource>
<optionalTarget>false</optionalTarget>
<sourceCardinality>1</sourceCardinality>
<sourceEntity>2DF14562-95E7-63B8-0EDA-108404F20C09</sourceEntity>
<targetCardinalityString>*</targetCardinalityString>
<targetEntity>639CF8F7-6E82-7971-29E4-626B8C007F72</targetEntity>
<transferable>true</transferable>
<deleteRule>NO ACTION</deleteRule>
</Relation>