<?xml version = '1.0' encoding = 'UTF-8'?>
<Relation class="oracle.dbtools.crest.model.design.logical.Relation" name="Relation_35" directorySegmentName="seg_0" id="6889D312-B8F6-3BFD-FAFC-3C531C150619">
<createdBy>camil</createdBy>
<createdTime>2024-09-28 14:11:16 UTC</createdTime>
<ownerDesignName>ModeloBakerFInal</ownerDesignName>
<engineerTo>
<item key="2C063B42-F2DB-1B62-2215-81209826B726" value="true"/>
</engineerTo>
<identifying>false</identifying>
<optionalSource>true</optionalSource>
<optionalTarget>false</optionalTarget>
<sourceCardinality>1</sourceCardinality>
<sourceEntity>DEEAEDD3-0970-1AFE-2B59-6238DE6179D2</sourceEntity>
<targetCardinalityString>*</targetCardinalityString>
<targetEntity>18C8AF95-ECE3-F6CB-C5D8-87AEFF3A0BD9</targetEntity>
<transferable>true</transferable>
<deleteRule>NO ACTION</deleteRule>
</Relation>