<?xml version = '1.0' encoding = 'UTF-8'?>
<Relation class="oracle.dbtools.crest.model.design.logical.Relation" name="Relation_36" directorySegmentName="seg_0" id="83B628BF-66A2-5123-B1F0-55D35FE5F9BF">
<createdBy>camil</createdBy>
<createdTime>2024-09-28 14:11:21 UTC</createdTime>
<ownerDesignName>ModeloBakerFInal</ownerDesignName>
<engineerTo>
<item key="2C063B42-F2DB-1B62-2215-81209826B726" value="true"/>
</engineerTo>
<identifying>false</identifying>
<optionalSource>true</optionalSource>
<optionalTarget>false</optionalTarget>
<sourceCardinality>1</sourceCardinality>
<sourceEntity>6670EC25-4F42-616F-B845-58578CE57415</sourceEntity>
<targetCardinalityString>*</targetCardinalityString>
<targetEntity>18C8AF95-ECE3-F6CB-C5D8-87AEFF3A0BD9</targetEntity>
<transferable>true</transferable>
<deleteRule>NO ACTION</deleteRule>
</Relation>