<?xml version = '1.0' encoding = 'UTF-8'?>
<Relation class="oracle.dbtools.crest.model.design.logical.Relation" name="Relation_26" directorySegmentName="seg_0" id="9C63BD39-7244-270B-DA9F-7D36CF0D29A2">
<createdBy>camil</createdBy>
<createdTime>2024-09-28 13:45:46 UTC</createdTime>
<ownerDesignName>ModeloBakerFInal</ownerDesignName>
<engineerTo>
<item key="2C063B42-F2DB-1B62-2215-81209826B726" value="true"/>
</engineerTo>
<identifying>false</identifying>
<optionalSource>true</optionalSource>
<optionalTarget>false</optionalTarget>
<sourceCardinality>1</sourceCardinality>
<sourceEntity>6670EC25-4F42-616F-B845-58578CE57415</sourceEntity>
<targetCardinalityString>*</targetCardinalityString>
<targetEntity>639CF8F7-6E82-7971-29E4-626B8C007F72</targetEntity>
<transferable>true</transferable>
<deleteRule>NO ACTION</deleteRule>
</Relation>