<?xml version = '1.0' encoding = 'UTF-8'?>
<Relation class="oracle.dbtools.crest.model.design.logical.Relation" name="Relation_22" directorySegmentName="seg_0" id="B44E4570-BABB-1B4B-75BA-F8BEDC89D37F">
<createdBy>camil</createdBy>
<createdTime>2024-09-28 13:35:43 UTC</createdTime>
<ownerDesignName>ModeloBakerFInal</ownerDesignName>
<engineerTo>
<item key="2C063B42-F2DB-1B62-2215-81209826B726" value="true"/>
</engineerTo>
<identifying>false</identifying>
<optionalSource>true</optionalSource>
<optionalTarget>false</optionalTarget>
<sourceCardinality>1</sourceCardinality>
<sourceEntity>2DF14562-95E7-63B8-0EDA-108404F20C09</sourceEntity>
<targetCardinalityString>*</targetCardinalityString>
<targetEntity>2F08ADA4-F559-59B4-27C9-8DCCEB0831AA</targetEntity>
<transferable>true</transferable>
<deleteRule>NO ACTION</deleteRule>
</Relation>