<?xml version = '1.0' encoding = 'UTF-8'?>
<Relation class="oracle.dbtools.crest.model.design.logical.Relation" name="Relation_4" directorySegmentName="seg_0" id="C1F2DC3A-73D0-310C-B9A5-4B3DF2DBE649">
<createdBy>camil</createdBy>
<createdTime>2024-08-30 02:44:07 UTC</createdTime>
<ownerDesignName>ModeloBakerFInal</ownerDesignName>
<engineerTo>
<item key="2C063B42-F2DB-1B62-2215-81209826B726" value="true"/>
</engineerTo>
<identifying>false</identifying>
<optionalSource>false</optionalSource>
<optionalTarget>false</optionalTarget>
<sourceCardinality>1</sourceCardinality>
<sourceEntity>6CC4FC28-D8F8-26ED-9E15-608A1674A3A7</sourceEntity>
<targetCardinalityString>*</targetCardinalityString>
<targetEntity>2DF14562-95E7-63B8-0EDA-108404F20C09</targetEntity>
<transferable>true</transferable>
<deleteRule>NO ACTION</deleteRule>
</Relation>