<?xml version = '1.0' encoding = 'UTF-8'?>
<Relation class="oracle.dbtools.crest.model.design.logical.Relation" name="Relation_21" directorySegmentName="seg_0" id="CECFC39E-670C-8244-8997-9C67DD88BF7B">
<createdBy>camil</createdBy>
<createdTime>2024-09-28 13:34:27 UTC</createdTime>
<ownerDesignName>ModeloBakerFInal</ownerDesignName>
<engineerTo>
<item key="2C063B42-F2DB-1B62-2215-81209826B726" value="true"/>
</engineerTo>
<identifying>false</identifying>
<optionalSource>true</optionalSource>
<optionalTarget>false</optionalTarget>
<sourceCardinality>1</sourceCardinality>
<sourceEntity>6CC4FC28-D8F8-26ED-9E15-608A1674A3A7</sourceEntity>
<targetCardinalityString>*</targetCardinalityString>
<targetEntity>A2019125-C633-F611-4355-537B4313805A</targetEntity>
<transferable>true</transferable>
<deleteRule>NO ACTION</deleteRule>
</Relation>