<?xml version = '1.0' encoding = 'UTF-8'?>
<Relation class="oracle.dbtools.crest.model.design.logical.Relation" name="Relation_18" directorySegmentName="seg_0" id="E6522AB5-A368-75C8-53FC-6972D796336E">
<createdBy>camil</createdBy>
<createdTime>2024-09-28 13:28:17 UTC</createdTime>
<ownerDesignName>ModeloBakerFInal</ownerDesignName>
<engineerTo>
<item key="2C063B42-F2DB-1B62-2215-81209826B726" value="true"/>
</engineerTo>
<identifying>false</identifying>
<optionalSource>true</optionalSource>
<optionalTarget>false</optionalTarget>
<sourceCardinality>1</sourceCardinality>
<sourceEntity>AD023D73-CC96-3897-9031-AE4FFB70BB4E</sourceEntity>
<targetCardinalityString>*</targetCardinalityString>
<targetEntity>6670EC25-4F42-616F-B845-58578CE57415</targetEntity>
<transferable>true</transferable>
<deleteRule>NO ACTION</deleteRule>
</Relation>