<?xml version = '1.0' encoding = 'UTF-8'?>
<Relation class="oracle.dbtools.crest.model.design.logical.Relation" name="Relation_16" directorySegmentName="seg_0" id="EDC1DABF-7F0B-577E-E9EC-A9EE3DFD1ABA">
<createdBy>camil</createdBy>
<createdTime>2024-08-31 20:34:01 UTC</createdTime>
<ownerDesignName>ModeloBakerFInal</ownerDesignName>
<engineerTo>
<item key="2C063B42-F2DB-1B62-2215-81209826B726" value="true"/>
</engineerTo>
<identifying>false</identifying>
<optionalSource>false</optionalSource>
<optionalTarget>false</optionalTarget>
<sourceCardinality>1</sourceCardinality>
<sourceEntity>01B6E8A2-23F3-D6CC-6843-56A0FFEB4595</sourceEntity>
<targetCardinalityString>*</targetCardinalityString>
<targetEntity>6670EC25-4F42-616F-B845-58578CE57415</targetEntity>
<transferable>true</transferable>
<deleteRule>NO ACTION</deleteRule>
</Relation>