<?xml version = '1.0' encoding = 'UTF-8'?>
<Diagram class="oracle.dbtools.crest.swingui.logical.DPVLogical" name="Logical" id="96BD832F-5D9B-6D54-B60A-AB4CB00EA276">
<createdBy>camil</createdBy>
<modifiedBy>camil</modifiedBy>
<createdTime>2024-08-29 12:02:32 UTC</createdTime>
<autoRoute>false</autoRoute>
<boxInbox>true</boxInbox>
<showLegend>false</showLegend>
<showLabels>false</showLabels>
<showRelAttributes>false</showRelAttributes>
<gridEnabled>false</gridEnabled>
<showGrid>false</showGrid>
<diagramColor>-1</diagramColor>
<display>false</display>
<notation>1</notation>
<objectViews>
<OView class="oracle.dbtools.crest.swingui.logical.TVEntity" oid="01B6E8A2-23F3-D6CC-6843-56A0FFEB4595" otype="Entity" vid="250F6786-0B71-5760-0E3E-C421DCBEA474">
<hideElementsInCurrentOnly>false</hideElementsInCurrentOnly>
<bounds x="1336" y="582" width="236" height="110"/>
</OView>
<OView class="oracle.dbtools.crest.swingui.logical.TVEntity" oid="0F657776-FAD9-D2D6-C7B5-9B4C5A9A06F3" otype="Entity" vid="B5FD5D00-F42E-7EAB-01B0-ADAA58ED9369">
<hideElementsInCurrentOnly>false</hideElementsInCurrentOnly>
<bounds x="1338" y="50" width="209" height="126"/>
</OView>
<OView class="oracle.dbtools.crest.swingui.logical.TVEntity" oid="18C8AF95-ECE3-F6CB-C5D8-87AEFF3A0BD9" otype="Entity" vid="CB65F160-7483-BCD8-27AE-DEDCA472421B">
<hideElementsInCurrentOnly>false</hideElementsInCurrentOnly>
<bounds x="567" y="493" width="114" height="76"/>
</OView>
<OView class="oracle.dbtools.crest.swingui.logical.TVEntity" oid="2DF14562-95E7-63B8-0EDA-108404F20C09" otype="Entity" vid="868FD831-FEE1-854E-842A-4B759361FDDA">
<hideElementsInCurrentOnly>false</hideElementsInCurrentOnly>
<bounds x="723" y="143" width="106" height="78"/>
</OView>
<OView class="oracle.dbtools.crest.swingui.logical.TVEntity" oid="2F08ADA4-F559-59B4-27C9-8DCCEB0831AA" otype="Entity" vid="EAE44B54-8D18-73DA-3F9F-661C77F3D928">
<hideElementsInCurrentOnly>false</hideElementsInCurrentOnly>
<bounds x="886" y="176" width="138" height="58"/>
</OView>
<OView class="oracle.dbtools.crest.swingui.logical.TVEntity" oid="54A97324-DF23-AB45-F954-7A43C8FB8A5D" otype="Entity" vid="6E089A98-128A-3428-1E5E-093B306A7317">
<hideElementsInCurrentOnly>false</hideElementsInCurrentOnly>
<bounds x="319" y="623" width="129" height="91"/>
</OView>
<OView class="oracle.dbtools.crest.swingui.logical.TVEntity" oid="639CF8F7-6E82-7971-29E4-626B8C007F72" otype="Entity" vid="23790C6E-2F5B-5DB1-6376-01EB65181F76">
<hideElementsInCurrentOnly>false</hideElementsInCurrentOnly>
<bounds x="689" y="281" width="165" height="92"/>
</OView>
<OView class="oracle.dbtools.crest.swingui.logical.TVEntity" oid="6670EC25-4F42-616F-B845-58578CE57415" otype="Entity" vid="5C521BF3-0B6F-0D32-AD51-0576737A128C">
<hideElementsInCurrentOnly>false</hideElementsInCurrentOnly>
<bounds x="754" y="434" width="348" height="223"/>
</OView>
<OView class="oracle.dbtools.crest.swingui.logical.TVEntity" oid="6CC4FC28-D8F8-26ED-9E15-608A1674A3A7" otype="Entity" vid="4AD07811-ADCC-60A8-AEF4-942419844DEC">
<hideElementsInCurrentOnly>false</hideElementsInCurrentOnly>
<bounds x="338" y="16" width="144" height="160"/>
</OView>
<OView class="oracle.dbtools.crest.swingui.logical.TVEntity" oid="6E9C20BE-D127-D49A-F8CA-E4F75E4DBB31" otype="Entity" vid="1AB26860-AF35-75E8-71F1-67CEC8B012BA">
<hideElementsInCurrentOnly>false</hideElementsInCurrentOnly>
<bounds x="75" y="38" width="194" height="107"/>
</OView>
<OView class="oracle.dbtools.crest.swingui.logical.TVEntity" oid="91D867F8-9BFE-A83F-0E3F-87A2C8F0F2F6" otype="Entity" vid="A4EB9CB6-6EFF-7669-0074-A21EB9C11B96">
<hideElementsInCurrentOnly>false</hideElementsInCurrentOnly>
<bounds x="1358" y="454" width="151" height="67"/>
</OView>
<OView class="oracle.dbtools.crest.swingui.logical.TVEntity" oid="A2019125-C633-F611-4355-537B4313805A" otype="Entity" vid="18F2BE07-2AFA-CAE3-62C2-C883B5EF81ED">
<hideElementsInCurrentOnly>false</hideElementsInCurrentOnly>
<bounds x="973" y="0" width="151" height="89"/>
</OView>
<OView class="oracle.dbtools.crest.swingui.logical.TVEntity" oid="AD023D73-CC96-3897-9031-AE4FFB70BB4E" otype="Entity" vid="54BB7EF0-7C75-59CD-25E1-AAD763A5425F">
<hideElementsInCurrentOnly>false</hideElementsInCurrentOnly>
<bounds x="847" y="751" width="196" height="66"/>
</OView>
<OView class="oracle.dbtools.crest.swingui.logical.TVEntity" oid="AFE754AB-9A88-B636-DD27-2BDADFAA312E" otype="Entity" vid="2FB5CC6D-56CA-1AD9-CCB2-B2DA4AB5ADD4">
<hideElementsInCurrentOnly>false</hideElementsInCurrentOnly>
<bounds x="485" y="276" width="162" height="81"/>
</OView>
<OView class="oracle.dbtools.crest.swingui.logical.TVEntity" oid="B8E14E12-403E-2769-7389-C1C5A82DF205" otype="Entity" vid="1216AFF0-1886-66E3-86E7-F0DE1EEB3D0A">
<hideElementsInCurrentOnly>false</hideElementsInCurrentOnly>
<bounds x="1049" y="247" width="127" height="92"/>
</OView>
<OView class="oracle.dbtools.crest.swingui.logical.TVEntity" oid="CC588CA4-1CC3-604D-46D2-226B664D79F9" otype="Entity" vid="B127ABF5-CD34-798C-C75A-5DCA1ED3BA85">
<hideElementsInCurrentOnly>false</hideElementsInCurrentOnly>
<bounds x="790" y="609" width="262" height="38"/>
</OView>
<OView class="oracle.dbtools.crest.swingui.logical.TVEntity" oid="DEEAEDD3-0970-1AFE-2B59-6238DE6179D2" otype="Entity" vid="67A6EB13-3A4E-8015-C631-1464F95EE629">
<hideElementsInCurrentOnly>false</hideElementsInCurrentOnly>
<bounds x="327" y="485" width="154" height="75"/>
</OView>
</objectViews>
<connectors>
<Connector class="oracle.dbtools.crest.swingui.logical.TVRelation" oid="0903AC28-ECA9-BA1A-758B-2257A8608546" otype="Relation" vid_source="5C521BF3-0B6F-0D32-AD51-0576737A128C" vid_target="A4EB9CB6-6EFF-7669-0074-A21EB9C11B96">
<hideElementsInCurrentOnly>false</hideElementsInCurrentOnly>
<backgroundColor>-16777216</backgroundColor>
<lineWidth>1</lineWidth>
<points>
<point x="1102" y="502"/>
<point x="1358" y="502"/>
</points>
</Connector>
<Connector class="oracle.dbtools.crest.swingui.logical.TVRelation" oid="0EDB1336-E434-591B-6FCE-074F7E222167" otype="Relation" vid_source="5C521BF3-0B6F-0D32-AD51-0576737A128C" vid_target="1216AFF0-1886-66E3-86E7-F0DE1EEB3D0A">
<hideElementsInCurrentOnly>false</hideElementsInCurrentOnly>
<backgroundColor>-16777216</backgroundColor>
<lineWidth>1</lineWidth>
<points>
<point x="1075" y="434"/>
<point x="1075" y="339"/>
</points>
</Connector>
<Connector class="oracle.dbtools.crest.swingui.logical.TVRelation" oid="145FD68C-4F91-B02D-F22B-B88E48D813B8" otype="Relation" vid_source="18F2BE07-2AFA-CAE3-62C2-C883B5EF81ED" vid_target="1216AFF0-1886-66E3-86E7-F0DE1EEB3D0A">
<hideElementsInCurrentOnly>false</hideElementsInCurrentOnly>
<backgroundColor>-16777216</backgroundColor>
<lineWidth>1</lineWidth>
<points>
<point x="1086" y="89"/>
<point x="1086" y="247"/>
</points>
</Connector>
<Connector class="oracle.dbtools.crest.swingui.logical.TVRelation" oid="1BAEF55C-9D54-2CDC-EE8D-2A2A6735C282" otype="Relation" vid_source="B5FD5D00-F42E-7EAB-01B0-ADAA58ED9369" vid_target="18F2BE07-2AFA-CAE3-62C2-C883B5EF81ED">
<hideElementsInCurrentOnly>false</hideElementsInCurrentOnly>
<backgroundColor>-16777216</backgroundColor>
<lineWidth>1</lineWidth>
<points>
<point x="1338" y="69"/>
<point x="1124" y="69"/>
</points>
</Connector>
<Connector class="oracle.dbtools.crest.swingui.logical.TVRelation" oid="37DE981D-8F6C-4B6A-5340-08E05C8ADE54" otype="Relation" vid_source="23790C6E-2F5B-5DB1-6376-01EB65181F76" vid_target="2FB5CC6D-56CA-1AD9-CCB2-B2DA4AB5ADD4">
<hideElementsInCurrentOnly>false</hideElementsInCurrentOnly>
<backgroundColor>-16777216</backgroundColor>
<lineWidth>1</lineWidth>
<points>
<point x="689" y="319"/>
<point x="647" y="319"/>
</points>
</Connector>
<Connector class="oracle.dbtools.crest.swingui.logical.TVRelation" oid="402D3B5D-DCFF-B54A-79A1-19B54A976AFF" otype="Relation" vid_source="6E089A98-128A-3428-1E5E-093B306A7317" vid_target="67A6EB13-3A4E-8015-C631-1464F95EE629">
<hideElementsInCurrentOnly>false</hideElementsInCurrentOnly>
<backgroundColor>-16777216</backgroundColor>
<lineWidth>1</lineWidth>
<points>
<point x="387" y="623"/>
<point x="387" y="560"/>
</points>
</Connector>
<Connector class="oracle.dbtools.crest.swingui.logical.TVRelation" oid="48F13B24-E570-FC2E-F6F0-ADE6D56B9BB9" otype="Relation" vid_source="B5FD5D00-F42E-7EAB-01B0-ADAA58ED9369" vid_target="A4EB9CB6-6EFF-7669-0074-A21EB9C11B96">
<hideElementsInCurrentOnly>false</hideElementsInCurrentOnly>
<backgroundColor>-16777216</backgroundColor>
<lineWidth>1</lineWidth>
<points>
<point x="1433" y="176"/>
<point x="1433" y="454"/>
</points>
</Connector>
<Connector class="oracle.dbtools.crest.swingui.logical.TVRelation" oid="4B20DA09-1FD2-236C-362D-5FB6A542950D" otype="Relation" vid_source="4AD07811-ADCC-60A8-AEF4-942419844DEC" vid_target="67A6EB13-3A4E-8015-C631-1464F95EE629">
<hideElementsInCurrentOnly>false</hideElementsInCurrentOnly>
<backgroundColor>-16777216</backgroundColor>
<lineWidth>1</lineWidth>
<points>
<point x="409" y="176"/>
<point x="409" y="485"/>
</points>
</Connector>
<Connector class="oracle.dbtools.crest.swingui.logical.TVRelation" oid="4DF16E3C-B3D4-FC30-6567-6E6387F80484" otype="Relation" vid_source="18F2BE07-2AFA-CAE3-62C2-C883B5EF81ED" vid_target="EAE44B54-8D18-73DA-3F9F-661C77F3D928">
<hideElementsInCurrentOnly>false</hideElementsInCurrentOnly>
<backgroundColor>-16777216</backgroundColor>
<lineWidth>1</lineWidth>
<points>
<point x="998" y="89"/>
<point x="998" y="176"/>
</points>
</Connector>
<Connector class="oracle.dbtools.crest.swingui.logical.TVRelation" oid="58199DBF-BF9E-DA83-9387-A63BFDB0769C" otype="Relation" vid_source="868FD831-FEE1-854E-842A-4B759361FDDA" vid_target="23790C6E-2F5B-5DB1-6376-01EB65181F76">
<hideElementsInCurrentOnly>false</hideElementsInCurrentOnly>
<backgroundColor>-16777216</backgroundColor>
<lineWidth>1</lineWidth>
<points>
<point x="776" y="221"/>
<point x="776" y="281"/>
</points>
</Connector>
<Connector class="oracle.dbtools.crest.swingui.logical.TVRelation" oid="6889D312-B8F6-3BFD-FAFC-3C531C150619" otype="Relation" vid_source="67A6EB13-3A4E-8015-C631-1464F95EE629" vid_target="CB65F160-7483-BCD8-27AE-DEDCA472421B">
<hideElementsInCurrentOnly>false</hideElementsInCurrentOnly>
<backgroundColor>-16777216</backgroundColor>
<lineWidth>1</lineWidth>
<points>
<point x="481" y="541"/>
<point x="567" y="541"/>
</points>
</Connector>
<Connector class="oracle.dbtools.crest.swingui.logical.TVRelation" oid="83B628BF-66A2-5123-B1F0-55D35FE5F9BF" otype="Relation" vid_source="5C521BF3-0B6F-0D32-AD51-0576737A128C" vid_target="CB65F160-7483-BCD8-27AE-DEDCA472421B">
<hideElementsInCurrentOnly>false</hideElementsInCurrentOnly>
<backgroundColor>-16777216</backgroundColor>
<lineWidth>1</lineWidth>
<points>
<point x="754" y="546"/>
<point x="681" y="546"/>
</points>
</Connector>
<Connector class="oracle.dbtools.crest.swingui.logical.TVInheritanceRelation" oid="8AFB2CB1-A335-F8A4-11A4-D6914C9E7021" otype="Hierarchy relation" vid_source="5C521BF3-0B6F-0D32-AD51-0576737A128C" vid_target="B127ABF5-CD34-798C-C75A-5DCA1ED3BA85">
<hideElementsInCurrentOnly>false</hideElementsInCurrentOnly>
<backgroundColor>-65536</backgroundColor>
<lineWidth>1</lineWidth>
</Connector>
<Connector class="oracle.dbtools.crest.swingui.logical.TVRelation" oid="9C63BD39-7244-270B-DA9F-7D36CF0D29A2" otype="Relation" vid_source="5C521BF3-0B6F-0D32-AD51-0576737A128C" vid_target="23790C6E-2F5B-5DB1-6376-01EB65181F76">
<hideElementsInCurrentOnly>false</hideElementsInCurrentOnly>
<backgroundColor>-16777216</backgroundColor>
<lineWidth>1</lineWidth>
<points>
<point x="804" y="434"/>
<point x="804" y="373"/>
</points>
</Connector>
<Connector class="oracle.dbtools.crest.swingui.logical.TVRelation" oid="B44E4570-BABB-1B4B-75BA-F8BEDC89D37F" otype="Relation" vid_source="868FD831-FEE1-854E-842A-4B759361FDDA" vid_target="EAE44B54-8D18-73DA-3F9F-661C77F3D928">
<hideElementsInCurrentOnly>false</hideElementsInCurrentOnly>
<backgroundColor>-16777216</backgroundColor>
<lineWidth>1</lineWidth>
<points>
<point x="829" y="198"/>
<point x="886" y="198"/>
</points>
</Connector>
<Connector class="oracle.dbtools.crest.swingui.logical.TVRelation" oid="C1F2DC3A-73D0-310C-B9A5-4B3DF2DBE649" otype="Relation" vid_source="4AD07811-ADCC-60A8-AEF4-942419844DEC" vid_target="868FD831-FEE1-854E-842A-4B759361FDDA">
<hideElementsInCurrentOnly>false</hideElementsInCurrentOnly>
<backgroundColor>-16777216</backgroundColor>
<lineWidth>1</lineWidth>
<points>
<point x="482" y="159"/>
<point x="723" y="159"/>
</points>
</Connector>
<Connector class="oracle.dbtools.crest.swingui.logical.TVRelation" oid="CECFC39E-670C-8244-8997-9C67DD88BF7B" otype="Relation" vid_source="4AD07811-ADCC-60A8-AEF4-942419844DEC" vid_target="18F2BE07-2AFA-CAE3-62C2-C883B5EF81ED">
<hideElementsInCurrentOnly>false</hideElementsInCurrentOnly>
<backgroundColor>-16777216</backgroundColor>
<lineWidth>1</lineWidth>
<points>
<point x="482" y="52"/>
<point x="973" y="52"/>
</points>
</Connector>
<Connector class="oracle.dbtools.crest.swingui.logical.TVRelation" oid="D9295991-EAAC-BAAA-E2E1-FBEA732EAEC4" otype="Relation" vid_source="1AB26860-AF35-75E8-71F1-67CEC8B012BA" vid_target="4AD07811-ADCC-60A8-AEF4-942419844DEC">
<hideElementsInCurrentOnly>false</hideElementsInCurrentOnly>
<backgroundColor>-16777216</backgroundColor>
<lineWidth>1</lineWidth>
<points>
<point x="269" y="91"/>
<point x="338" y="91"/>
</points>
</Connector>
<Connector class="oracle.dbtools.crest.swingui.logical.TVRelation" oid="E6522AB5-A368-75C8-53FC-6972D796336E" otype="Relation" vid_source="54BB7EF0-7C75-59CD-25E1-AAD763A5425F" vid_target="5C521BF3-0B6F-0D32-AD51-0576737A128C">
<hideElementsInCurrentOnly>false</hideElementsInCurrentOnly>
<backgroundColor>-16777216</backgroundColor>
<lineWidth>1</lineWidth>
<points>
<point x="945" y="751"/>
<point x="945" y="657"/>
</points>
</Connector>
<Connector class="oracle.dbtools.crest.swingui.logical.TVRelation" oid="EDC1DABF-7F0B-577E-E9EC-A9EE3DFD1ABA" otype="Relation" vid_source="250F6786-0B71-5760-0E3E-C421DCBEA474" vid_target="5C521BF3-0B6F-0D32-AD51-0576737A128C">
<hideElementsInCurrentOnly>false</hideElementsInCurrentOnly>
<backgroundColor>-16777216</backgroundColor>
<lineWidth>1</lineWidth>
<points>
<point x="1336" y="619"/>
<point x="1102" y="619"/>
</points>
</Connector>
</connectors>
</Diagram>