<?xml version = '1.0' encoding = 'UTF-8'?>
<Entity class="oracle.dbtools.crest.model.design.logical.Entity" directorySegmentName="seg_0" id="639CF8F7-6E82-7971-29E4-626B8C007F72" name="infoExtraBodega">
<createdBy>camil</createdBy>
<createdTime>2024-09-28 13:36:52 UTC</createdTime>
<ownerDesignName>ModeloBakerFInal</ownerDesignName>
<engineerTo>
<item key="2C063B42-F2DB-1B62-2215-81209826B726" value="true"/>
</engineerTo>
<adequatelyNormalized>NO</adequatelyNormalized>
<expectedVolumes>0</expectedVolumes>
<fwdEngineeringStrategyName>Single Table</fwdEngineeringStrategyName>
<growthPercent>0</growthPercent>
<growthType>Year</growthType>
<maxVolumes>9999999</maxVolumes>
<minVolumes>0</minVolumes>
<normalForm>Third</normalForm>
<attributes itemClass="oracle.dbtools.crest.model.design.logical.Attribute">
<Attribute name="totalExistencias" id="66009860-B6BB-5007-12D0-08116A119C2C">
<createdBy>camil</createdBy>
<createdTime>2024-09-28 13:43:09 UTC</createdTime>
<ownerDesignName>ModeloBakerFInal</ownerDesignName>
<engineerTo>
<item key="2C063B42-F2DB-1B62-2215-81209826B726" value="true"/>
</engineerTo>
<nullsAllowed>true</nullsAllowed>
<useDomainConstraints>false</useDomainConstraints>
<use>1</use>
<logicalDatatype>LOGDT011</logicalDatatype>
<ownDataTypeParameters>,,</ownDataTypeParameters>
</Attribute>
<Attribute name="costoPromedio" id="D3C58EFF-075E-D2C3-340C-1C59AAA671D4">
<createdBy>camil</createdBy>
<createdTime>2024-09-28 13:43:30 UTC</createdTime>
<ownerDesignName>ModeloBakerFInal</ownerDesignName>
<engineerTo>
<item key="2C063B42-F2DB-1B62-2215-81209826B726" value="true"/>
</engineerTo>
<nullsAllowed>true</nullsAllowed>
<useDomainConstraints>false</useDomainConstraints>
<use>1</use>
<logicalDatatype>LOGDT021</logicalDatatype>
<ownDataTypeParameters>,,</ownDataTypeParameters>
</Attribute>
<Attribute name="capacidadAlmacenamiento" id="C4936E37-DD60-0F37-A6AA-73B99DB340ED">
<createdBy>camil</createdBy>
<createdTime>2024-09-28 13:44:02 UTC</createdTime>
<ownerDesignName>ModeloBakerFInal</ownerDesignName>
<engineerTo>
<item key="2C063B42-F2DB-1B62-2215-81209826B726" value="true"/>
</engineerTo>
<nullsAllowed>true</nullsAllowed>
<useDomainConstraints>false</useDomainConstraints>
<use>1</use>
<logicalDatatype>LOGDT011</logicalDatatype>
<ownDataTypeParameters>,,</ownDataTypeParameters>
</Attribute>
<Attribute name="nivelMinimoReorden" id="37616197-91AB-09C6-43AC-5827C922DE81">
<createdBy>camil</createdBy>
<createdTime>2024-09-28 13:45:07 UTC</createdTime>
<ownerDesignName>ModeloBakerFInal</ownerDesignName>
<engineerTo>
<item key="2C063B42-F2DB-1B62-2215-81209826B726" value="true"/>
</engineerTo>
<nullsAllowed>true</nullsAllowed>
<use>0</use>
<ownDataTypeParameters>,,</ownDataTypeParameters>
</Attribute>
</attributes>
</Entity>