<?xml version = '1.0' encoding = 'UTF-8'?>
<Entity class="oracle.dbtools.crest.model.design.logical.Entity" directorySegmentName="seg_0" id="AD023D73-CC96-3897-9031-AE4FFB70BB4E" name="EspecificacionEmpaquetado">
<createdBy>camil</createdBy>
<createdTime>2024-09-28 13:25:33 UTC</createdTime>
<ownerDesignName>ModeloBakerFInal</ownerDesignName>
<engineerTo>
<item key="2C063B42-F2DB-1B62-2215-81209826B726" value="true"/>
</engineerTo>
<adequatelyNormalized>NO</adequatelyNormalized>
<expectedVolumes>0</expectedVolumes>
<fwdEngineeringStrategyName>Single Table</fwdEngineeringStrategyName>
<growthPercent>0</growthPercent>
<growthType>Year</growthType>
<maxVolumes>9999999</maxVolumes>
<minVolumes>0</minVolumes>
<normalForm>Third</normalForm>
<attributes itemClass="oracle.dbtools.crest.model.design.logical.Attribute">
<Attribute name="volumen" id="3917D1E8-CECD-70BC-3D0B-E144C65E0ACA">
<createdBy>camil</createdBy>
<createdTime>2024-09-28 13:26:34 UTC</createdTime>
<ownerDesignName>ModeloBakerFInal</ownerDesignName>
<engineerTo>
<item key="2C063B42-F2DB-1B62-2215-81209826B726" value="true"/>
</engineerTo>
<nullsAllowed>true</nullsAllowed>
<useDomainConstraints>false</useDomainConstraints>
<use>1</use>
<logicalDatatype>LOGDT021</logicalDatatype>
<ownDataTypeParameters>,,</ownDataTypeParameters>
</Attribute>
<Attribute name="peso" id="7E566DC1-3A37-EB31-B46F-90EA7AFCEDAE">
<createdBy>camil</createdBy>
<createdTime>2024-09-28 13:27:18 UTC</createdTime>
<ownerDesignName>ModeloBakerFInal</ownerDesignName>
<engineerTo>
<item key="2C063B42-F2DB-1B62-2215-81209826B726" value="true"/>
</engineerTo>
<nullsAllowed>true</nullsAllowed>
<useDomainConstraints>false</useDomainConstraints>
<use>1</use>
<logicalDatatype>LOGDT021</logicalDatatype>
<ownDataTypeParameters>,,</ownDataTypeParameters>
</Attribute>
</attributes>
</Entity>